"","Unique.location","Species","Bites","colour.in.videos","tile.number","Treatment","Crevice.kind","Location","number.LOB.before","number.otherMA.before","number.unknown.before","number.Lob.after","number.otherMA.after","number.unknown.after","number.LOB.removed","number.otherMA.removed","number.unknown.removed"
"2","107.d5","Acanthurus nigrofuscus",0,"black",107,"accessible","medium","d5",1,0,0,1,0,0,0,0,0
"3","107.e2","Acanthurus nigrofuscus",0,"black",107,"accessible","medium","e2",1,0,0,1,0,0,0,0,0
"5","107.f2","Acanthurus nigrofuscus",0,"black",107,"accessible","medium","f2",1,1,0,1,1,0,0,0,0
"9","107.g2","Acanthurus nigrofuscus",0,"black",107,"accessible","medium","g2",2,0,0,2,0,0,0,0,0
"14","107.i2","Acanthurus nigrofuscus",0,"black",107,"accessible","medium","i2",1,0,0,1,0,0,0,0,0
"20","18.b1","Acanthurus nigrofuscus",0,"blank",18,"accessible","small","b1",1,0,0,0,0,0,1,0,0
"34","18.g7","Acanthurus nigrofuscus",0,"blank",18,"accessible","small","g7",4,0,0,3,0,0,1,0,0
"38","18.i4","Acanthurus nigrofuscus",0,"blank",18,"accessible","small","i4",1,1,0,1,1,0,0,0,0
"39","18.i5","Acanthurus nigrofuscus",0,"blank",18,"accessible","small","i5",1,0,0,1,0,0,0,0,0
"40","18.i6","Acanthurus nigrofuscus",0,"blank",18,"accessible","small","i6",1,2,0,1,2,0,0,0,0
"42","44.b3","Acanthurus nigrofuscus",0,"red",44,"accessible","medium","b3",1,0,0,1,0,0,0,0,0
"49","44.d9","Acanthurus nigrofuscus",1,"red",44,"accessible","medium","d9",1,1,0,0,1,0,1,0,0
"50","44.e4","Acanthurus nigrofuscus",1,"red",44,"accessible","medium","e4",2,1,0,2,1,0,0,0,0
"51","44.e6","Acanthurus nigrofuscus",1,"red",44,"accessible","medium","e6",1,0,0,1,0,0,0,0,0
"53","44.f3","Acanthurus nigrofuscus",1,"red",44,"accessible","medium","f3",1,2,0,1,2,0,0,0,0
"62","6.e7","Acanthurus nigrofuscus",0,"black",6,"accessible","small","e7",1,0,0,1,0,0,0,0,0
"63","6.f6","Acanthurus nigrofuscus",0,"black",6,"accessible","small","f6",4,6,0,4,6,0,0,0,0
"64","6.h3","Acanthurus nigrofuscus",0,"black",6,"accessible","small","h3",3,1,0,3,1,0,0,0,0
"65","6.h6","Acanthurus nigrofuscus",0,"black",6,"accessible","small","h6",3,3,0,3,3,0,0,0,0
"66","6.h8","Acanthurus nigrofuscus",0,"black",6,"accessible","small","h8",8,0,0,8,0,0,0,0,0
"68","71.a6","Acanthurus nigrofuscus",0,"red",71,"accessible","large","a6",1,0,0,0,0,0,1,0,0
"71","71.b5","Acanthurus nigrofuscus",0,"red",71,"accessible","large","b5",1,8,0,1,8,0,0,0,0
"72","71.c2","Acanthurus nigrofuscus",0,"red",71,"accessible","large","c2",2,1,4,2,1,4,0,0,0
"74","71.d2","Acanthurus nigrofuscus",0,"red",71,"accessible","large","d2",3,7,0,3,7,0,0,0,0
"75","71.d3","Acanthurus nigrofuscus",0,"red",71,"accessible","large","d3",4,1,0,4,1,0,0,0,0
"76","71.d5","Acanthurus nigrofuscus",0,"red",71,"accessible","large","d5",2,2,1,2,2,1,0,0,0
"77","71.e1","Acanthurus nigrofuscus",0,"red",71,"accessible","large","e1",2,1,0,2,1,0,0,0,0
"78","71.e2","Acanthurus nigrofuscus",0,"red",71,"accessible","large","e2",4,1,0,4,1,0,0,0,0
"80","71.f1","Acanthurus nigrofuscus",0,"red",71,"accessible","large","f1",1,2,0,1,2,0,0,0,0
"82","71.g1","Acanthurus nigrofuscus",0,"red",71,"accessible","large","g1",1,0,1,1,0,1,0,0,0
"83","71.g2","Acanthurus nigrofuscus",0,"red",71,"accessible","large","g2",2,2,0,2,2,0,0,0,0
"84","71.g4","Acanthurus nigrofuscus",0,"red",71,"accessible","large","g4",4,3,3,4,3,3,0,0,0
"85","71.g8","Acanthurus nigrofuscus",0,"red",71,"accessible","large","g8",2,2,0,2,2,0,0,0,0
"86","71.h3","Acanthurus nigrofuscus",0,"red",71,"accessible","large","h3",3,2,1,3,2,1,0,0,0
"87","71.h7","Acanthurus nigrofuscus",0,"red",71,"accessible","large","h7",6,2,1,6,2,1,0,0,0
"89","71.i4","Acanthurus nigrofuscus",0,"red",71,"accessible","large","i4",1,0,0,1,0,0,0,0,0
"94","72.d9","Acanthurus nigrofuscus",1,"red",72,"accessible","small","d9",2,0,0,2,0,0,0,0,0
"95","72.e1","Acanthurus nigrofuscus",0,"red",72,"accessible","small","e1",2,1,0,2,1,0,0,0,0
"97","72.e4","Acanthurus nigrofuscus",0,"red",72,"accessible","small","e4",3,2,0,3,2,0,0,0,0
"100","72.e8","Acanthurus nigrofuscus",0,"red",72,"accessible","small","e8",1,1,0,1,1,0,0,0,0
"102","72.f5","Acanthurus nigrofuscus",0,"red",72,"accessible","small","f5",1,0,0,1,0,0,0,0,0
"103","72.g2","Acanthurus nigrofuscus",0,"red",72,"accessible","small","g2",1,3,0,1,3,0,0,0,0
"105","72.h5","Acanthurus nigrofuscus",0,"red",72,"accessible","small","h5",1,4,0,1,4,0,0,0,0
"107","72.i3","Acanthurus nigrofuscus",2,"red",72,"accessible","small","i3",1,2,0,0,2,0,1,0,0
"108","72.i4","Acanthurus nigrofuscus",0,"red",72,"accessible","small","i4",1,0,0,1,0,0,0,0,0
"110","72.i6","Acanthurus nigrofuscus",0,"red",72,"accessible","small","i6",1,0,0,1,0,0,0,0,0
"114","74.b8","Acanthurus nigrofuscus",0,"blank",74,"accessible","large","b8",1,0,0,1,0,0,0,0,0
"133","79.f2","Acanthurus nigrofuscus",0,"blank",79,"accessible","medium","f2",1,0,0,1,0,0,0,0,0
"137","80.b2","Acanthurus nigrofuscus",0,"black",80,"accessible","large","b2",1,4,0,1,3,0,0,1,0
"138","80.b6","Acanthurus nigrofuscus",0,"black",80,"accessible","large","b6",1,5,0,1,5,0,0,0,0
"148","80.e2","Acanthurus nigrofuscus",0,"black",80,"accessible","large","e2",2,0,1,2,0,1,0,0,0
"149","80.e4","Acanthurus nigrofuscus",0,"black",80,"accessible","large","e4",1,5,0,1,5,0,0,0,0
"150","80.f3","Acanthurus nigrofuscus",0,"black",80,"accessible","large","f3",1,1,0,1,1,0,0,0,0
"156","80.g4","Acanthurus nigrofuscus",0,"black",80,"accessible","large","g4",2,2,0,2,2,0,0,0,0
"158","80.g8","Acanthurus nigrofuscus",0,"black",80,"accessible","large","g8",1,2,0,1,2,0,0,0,0
"159","80.h7","Acanthurus nigrofuscus",0,"black",80,"accessible","large","h7",1,2,0,1,2,0,0,0,0
"164","107.d5","Chlorurus sordidus",0,"black",107,"accessible","medium","d5",1,0,0,1,0,0,0,0,0
"165","107.e2","Chlorurus sordidus",1,"black",107,"accessible","medium","e2",1,0,0,1,0,0,0,0,0
"167","107.f2","Chlorurus sordidus",3,"black",107,"accessible","medium","f2",1,1,0,1,1,0,0,0,0
"171","107.g2","Chlorurus sordidus",0,"black",107,"accessible","medium","g2",2,0,0,2,0,0,0,0,0
"176","107.i2","Chlorurus sordidus",0,"black",107,"accessible","medium","i2",1,0,0,1,0,0,0,0,0
"182","18.b1","Chlorurus sordidus",0,"blank",18,"accessible","small","b1",1,0,0,0,0,0,1,0,0
"196","18.g7","Chlorurus sordidus",0,"blank",18,"accessible","small","g7",4,0,0,3,0,0,1,0,0
"200","18.i4","Chlorurus sordidus",0,"blank",18,"accessible","small","i4",1,1,0,1,1,0,0,0,0
"201","18.i5","Chlorurus sordidus",0,"blank",18,"accessible","small","i5",1,0,0,1,0,0,0,0,0
"202","18.i6","Chlorurus sordidus",0,"blank",18,"accessible","small","i6",1,2,0,1,2,0,0,0,0
"204","44.b3","Chlorurus sordidus",0,"red",44,"accessible","medium","b3",1,0,0,1,0,0,0,0,0
"211","44.d9","Chlorurus sordidus",0,"red",44,"accessible","medium","d9",1,1,0,0,1,0,1,0,0
"212","44.e4","Chlorurus sordidus",0,"red",44,"accessible","medium","e4",2,1,0,2,1,0,0,0,0
"213","44.e6","Chlorurus sordidus",0,"red",44,"accessible","medium","e6",1,0,0,1,0,0,0,0,0
"215","44.f3","Chlorurus sordidus",0,"red",44,"accessible","medium","f3",1,2,0,1,2,0,0,0,0
"224","6.e7","Chlorurus sordidus",0,"black",6,"accessible","small","e7",1,0,0,1,0,0,0,0,0
"225","6.f6","Chlorurus sordidus",1,"black",6,"accessible","small","f6",4,6,0,4,6,0,0,0,0
"226","6.h3","Chlorurus sordidus",0,"black",6,"accessible","small","h3",3,1,0,3,1,0,0,0,0
"227","6.h6","Chlorurus sordidus",1,"black",6,"accessible","small","h6",3,3,0,3,3,0,0,0,0
"228","6.h8","Chlorurus sordidus",0,"black",6,"accessible","small","h8",8,0,0,8,0,0,0,0,0
"230","71.a6","Chlorurus sordidus",0,"red",71,"accessible","large","a6",1,0,0,0,0,0,1,0,0
"233","71.b5","Chlorurus sordidus",0,"red",71,"accessible","large","b5",1,8,0,1,8,0,0,0,0
"234","71.c2","Chlorurus sordidus",0,"red",71,"accessible","large","c2",2,1,4,2,1,4,0,0,0
"236","71.d2","Chlorurus sordidus",0,"red",71,"accessible","large","d2",3,7,0,3,7,0,0,0,0
"237","71.d3","Chlorurus sordidus",0,"red",71,"accessible","large","d3",4,1,0,4,1,0,0,0,0
"238","71.d5","Chlorurus sordidus",0,"red",71,"accessible","large","d5",2,2,1,2,2,1,0,0,0
"239","71.e1","Chlorurus sordidus",0,"red",71,"accessible","large","e1",2,1,0,2,1,0,0,0,0
"240","71.e2","Chlorurus sordidus",0,"red",71,"accessible","large","e2",4,1,0,4,1,0,0,0,0
"242","71.f1","Chlorurus sordidus",0,"red",71,"accessible","large","f1",1,2,0,1,2,0,0,0,0
"244","71.g1","Chlorurus sordidus",0,"red",71,"accessible","large","g1",1,0,1,1,0,1,0,0,0
"245","71.g2","Chlorurus sordidus",0,"red",71,"accessible","large","g2",2,2,0,2,2,0,0,0,0
"246","71.g4","Chlorurus sordidus",0,"red",71,"accessible","large","g4",4,3,3,4,3,3,0,0,0
"247","71.g8","Chlorurus sordidus",0,"red",71,"accessible","large","g8",2,2,0,2,2,0,0,0,0
"248","71.h3","Chlorurus sordidus",0,"red",71,"accessible","large","h3",3,2,1,3,2,1,0,0,0
"249","71.h7","Chlorurus sordidus",0,"red",71,"accessible","large","h7",6,2,1,6,2,1,0,0,0
"251","71.i4","Chlorurus sordidus",0,"red",71,"accessible","large","i4",1,0,0,1,0,0,0,0,0
"256","72.d9","Chlorurus sordidus",0,"red",72,"accessible","small","d9",2,0,0,2,0,0,0,0,0
"257","72.e1","Chlorurus sordidus",0,"red",72,"accessible","small","e1",2,1,0,2,1,0,0,0,0
"259","72.e4","Chlorurus sordidus",0,"red",72,"accessible","small","e4",3,2,0,3,2,0,0,0,0
"262","72.e8","Chlorurus sordidus",0,"red",72,"accessible","small","e8",1,1,0,1,1,0,0,0,0
"264","72.f5","Chlorurus sordidus",0,"red",72,"accessible","small","f5",1,0,0,1,0,0,0,0,0
"265","72.g2","Chlorurus sordidus",0,"red",72,"accessible","small","g2",1,3,0,1,3,0,0,0,0
"267","72.h5","Chlorurus sordidus",0,"red",72,"accessible","small","h5",1,4,0,1,4,0,0,0,0
"269","72.i3","Chlorurus sordidus",0,"red",72,"accessible","small","i3",1,2,0,0,2,0,1,0,0
"270","72.i4","Chlorurus sordidus",0,"red",72,"accessible","small","i4",1,0,0,1,0,0,0,0,0
"272","72.i6","Chlorurus sordidus",0,"red",72,"accessible","small","i6",1,0,0,1,0,0,0,0,0
"276","74.b8","Chlorurus sordidus",0,"blank",74,"accessible","large","b8",1,0,0,1,0,0,0,0,0
"295","79.f2","Chlorurus sordidus",0,"blank",79,"accessible","medium","f2",1,0,0,1,0,0,0,0,0
"299","80.b2","Chlorurus sordidus",0,"black",80,"accessible","large","b2",1,4,0,1,3,0,0,1,0
"300","80.b6","Chlorurus sordidus",0,"black",80,"accessible","large","b6",1,5,0,1,5,0,0,0,0
"310","80.e2","Chlorurus sordidus",0,"black",80,"accessible","large","e2",2,0,1,2,0,1,0,0,0
"311","80.e4","Chlorurus sordidus",0,"black",80,"accessible","large","e4",1,5,0,1,5,0,0,0,0
"312","80.f3","Chlorurus sordidus",0,"black",80,"accessible","large","f3",1,1,0,1,1,0,0,0,0
"318","80.g4","Chlorurus sordidus",0,"black",80,"accessible","large","g4",2,2,0,2,2,0,0,0,0
"320","80.g8","Chlorurus sordidus",1,"black",80,"accessible","large","g8",1,2,0,1,2,0,0,0,0
"321","80.h7","Chlorurus sordidus",3,"black",80,"accessible","large","h7",1,2,0,1,2,0,0,0,0
"326","107.d5","Ctenochaetus binotatus",0,"black",107,"accessible","medium","d5",1,0,0,1,0,0,0,0,0
"327","107.e2","Ctenochaetus binotatus",0,"black",107,"accessible","medium","e2",1,0,0,1,0,0,0,0,0
"329","107.f2","Ctenochaetus binotatus",0,"black",107,"accessible","medium","f2",1,1,0,1,1,0,0,0,0
"333","107.g2","Ctenochaetus binotatus",3,"black",107,"accessible","medium","g2",2,0,0,2,0,0,0,0,0
"338","107.i2","Ctenochaetus binotatus",4,"black",107,"accessible","medium","i2",1,0,0,1,0,0,0,0,0
"344","18.b1","Ctenochaetus binotatus",0,"blank",18,"accessible","small","b1",1,0,0,0,0,0,1,0,0
"358","18.g7","Ctenochaetus binotatus",0,"blank",18,"accessible","small","g7",4,0,0,3,0,0,1,0,0
"362","18.i4","Ctenochaetus binotatus",0,"blank",18,"accessible","small","i4",1,1,0,1,1,0,0,0,0
"363","18.i5","Ctenochaetus binotatus",0,"blank",18,"accessible","small","i5",1,0,0,1,0,0,0,0,0
"364","18.i6","Ctenochaetus binotatus",0,"blank",18,"accessible","small","i6",1,2,0,1,2,0,0,0,0
"366","44.b3","Ctenochaetus binotatus",0,"red",44,"accessible","medium","b3",1,0,0,1,0,0,0,0,0
"373","44.d9","Ctenochaetus binotatus",0,"red",44,"accessible","medium","d9",1,1,0,0,1,0,1,0,0
"374","44.e4","Ctenochaetus binotatus",0,"red",44,"accessible","medium","e4",2,1,0,2,1,0,0,0,0
"375","44.e6","Ctenochaetus binotatus",0,"red",44,"accessible","medium","e6",1,0,0,1,0,0,0,0,0
"377","44.f3","Ctenochaetus binotatus",0,"red",44,"accessible","medium","f3",1,2,0,1,2,0,0,0,0
"386","6.e7","Ctenochaetus binotatus",0,"black",6,"accessible","small","e7",1,0,0,1,0,0,0,0,0
"387","6.f6","Ctenochaetus binotatus",0,"black",6,"accessible","small","f6",4,6,0,4,6,0,0,0,0
"388","6.h3","Ctenochaetus binotatus",0,"black",6,"accessible","small","h3",3,1,0,3,1,0,0,0,0
"389","6.h6","Ctenochaetus binotatus",0,"black",6,"accessible","small","h6",3,3,0,3,3,0,0,0,0
"390","6.h8","Ctenochaetus binotatus",0,"black",6,"accessible","small","h8",8,0,0,8,0,0,0,0,0
"392","71.a6","Ctenochaetus binotatus",0,"red",71,"accessible","large","a6",1,0,0,0,0,0,1,0,0
"395","71.b5","Ctenochaetus binotatus",0,"red",71,"accessible","large","b5",1,8,0,1,8,0,0,0,0
"396","71.c2","Ctenochaetus binotatus",0,"red",71,"accessible","large","c2",2,1,4,2,1,4,0,0,0
"398","71.d2","Ctenochaetus binotatus",0,"red",71,"accessible","large","d2",3,7,0,3,7,0,0,0,0
"399","71.d3","Ctenochaetus binotatus",0,"red",71,"accessible","large","d3",4,1,0,4,1,0,0,0,0
"400","71.d5","Ctenochaetus binotatus",0,"red",71,"accessible","large","d5",2,2,1,2,2,1,0,0,0
"401","71.e1","Ctenochaetus binotatus",0,"red",71,"accessible","large","e1",2,1,0,2,1,0,0,0,0
"402","71.e2","Ctenochaetus binotatus",0,"red",71,"accessible","large","e2",4,1,0,4,1,0,0,0,0
"404","71.f1","Ctenochaetus binotatus",0,"red",71,"accessible","large","f1",1,2,0,1,2,0,0,0,0
"406","71.g1","Ctenochaetus binotatus",0,"red",71,"accessible","large","g1",1,0,1,1,0,1,0,0,0
"407","71.g2","Ctenochaetus binotatus",0,"red",71,"accessible","large","g2",2,2,0,2,2,0,0,0,0
"408","71.g4","Ctenochaetus binotatus",0,"red",71,"accessible","large","g4",4,3,3,4,3,3,0,0,0
"409","71.g8","Ctenochaetus binotatus",0,"red",71,"accessible","large","g8",2,2,0,2,2,0,0,0,0
"410","71.h3","Ctenochaetus binotatus",0,"red",71,"accessible","large","h3",3,2,1,3,2,1,0,0,0
"411","71.h7","Ctenochaetus binotatus",0,"red",71,"accessible","large","h7",6,2,1,6,2,1,0,0,0
"413","71.i4","Ctenochaetus binotatus",0,"red",71,"accessible","large","i4",1,0,0,1,0,0,0,0,0
"418","72.d9","Ctenochaetus binotatus",0,"red",72,"accessible","small","d9",2,0,0,2,0,0,0,0,0
"419","72.e1","Ctenochaetus binotatus",0,"red",72,"accessible","small","e1",2,1,0,2,1,0,0,0,0
"421","72.e4","Ctenochaetus binotatus",0,"red",72,"accessible","small","e4",3,2,0,3,2,0,0,0,0
"424","72.e8","Ctenochaetus binotatus",0,"red",72,"accessible","small","e8",1,1,0,1,1,0,0,0,0
"426","72.f5","Ctenochaetus binotatus",0,"red",72,"accessible","small","f5",1,0,0,1,0,0,0,0,0
"427","72.g2","Ctenochaetus binotatus",0,"red",72,"accessible","small","g2",1,3,0,1,3,0,0,0,0
"429","72.h5","Ctenochaetus binotatus",0,"red",72,"accessible","small","h5",1,4,0,1,4,0,0,0,0
"431","72.i3","Ctenochaetus binotatus",0,"red",72,"accessible","small","i3",1,2,0,0,2,0,1,0,0
"432","72.i4","Ctenochaetus binotatus",0,"red",72,"accessible","small","i4",1,0,0,1,0,0,0,0,0
"434","72.i6","Ctenochaetus binotatus",0,"red",72,"accessible","small","i6",1,0,0,1,0,0,0,0,0
"438","74.b8","Ctenochaetus binotatus",0,"blank",74,"accessible","large","b8",1,0,0,1,0,0,0,0,0
"457","79.f2","Ctenochaetus binotatus",0,"blank",79,"accessible","medium","f2",1,0,0,1,0,0,0,0,0
"461","80.b2","Ctenochaetus binotatus",0,"black",80,"accessible","large","b2",1,4,0,1,3,0,0,1,0
"462","80.b6","Ctenochaetus binotatus",0,"black",80,"accessible","large","b6",1,5,0,1,5,0,0,0,0
"472","80.e2","Ctenochaetus binotatus",1,"black",80,"accessible","large","e2",2,0,1,2,0,1,0,0,0
"473","80.e4","Ctenochaetus binotatus",1,"black",80,"accessible","large","e4",1,5,0,1,5,0,0,0,0
"474","80.f3","Ctenochaetus binotatus",1,"black",80,"accessible","large","f3",1,1,0,1,1,0,0,0,0
"480","80.g4","Ctenochaetus binotatus",0,"black",80,"accessible","large","g4",2,2,0,2,2,0,0,0,0
"482","80.g8","Ctenochaetus binotatus",0,"black",80,"accessible","large","g8",1,2,0,1,2,0,0,0,0
"483","80.h7","Ctenochaetus binotatus",0,"black",80,"accessible","large","h7",1,2,0,1,2,0,0,0,0
"488","107.d5","Ctenochaetus striatus",0,"black",107,"accessible","medium","d5",1,0,0,1,0,0,0,0,0
"489","107.e2","Ctenochaetus striatus",0,"black",107,"accessible","medium","e2",1,0,0,1,0,0,0,0,0
"491","107.f2","Ctenochaetus striatus",0,"black",107,"accessible","medium","f2",1,1,0,1,1,0,0,0,0
"495","107.g2","Ctenochaetus striatus",0,"black",107,"accessible","medium","g2",2,0,0,2,0,0,0,0,0
"500","107.i2","Ctenochaetus striatus",0,"black",107,"accessible","medium","i2",1,0,0,1,0,0,0,0,0
"506","18.b1","Ctenochaetus striatus",0,"blank",18,"accessible","small","b1",1,0,0,0,0,0,1,0,0
"520","18.g7","Ctenochaetus striatus",0,"blank",18,"accessible","small","g7",4,0,0,3,0,0,1,0,0
"524","18.i4","Ctenochaetus striatus",0,"blank",18,"accessible","small","i4",1,1,0,1,1,0,0,0,0
"525","18.i5","Ctenochaetus striatus",0,"blank",18,"accessible","small","i5",1,0,0,1,0,0,0,0,0
"526","18.i6","Ctenochaetus striatus",0,"blank",18,"accessible","small","i6",1,2,0,1,2,0,0,0,0
"528","44.b3","Ctenochaetus striatus",2,"red",44,"accessible","medium","b3",1,0,0,1,0,0,0,0,0
"535","44.d9","Ctenochaetus striatus",0,"red",44,"accessible","medium","d9",1,1,0,0,1,0,1,0,0
"536","44.e4","Ctenochaetus striatus",0,"red",44,"accessible","medium","e4",2,1,0,2,1,0,0,0,0
"537","44.e6","Ctenochaetus striatus",0,"red",44,"accessible","medium","e6",1,0,0,1,0,0,0,0,0
"539","44.f3","Ctenochaetus striatus",0,"red",44,"accessible","medium","f3",1,2,0,1,2,0,0,0,0
"548","6.e7","Ctenochaetus striatus",0,"black",6,"accessible","small","e7",1,0,0,1,0,0,0,0,0
"549","6.f6","Ctenochaetus striatus",0,"black",6,"accessible","small","f6",4,6,0,4,6,0,0,0,0
"550","6.h3","Ctenochaetus striatus",0,"black",6,"accessible","small","h3",3,1,0,3,1,0,0,0,0
"551","6.h6","Ctenochaetus striatus",0,"black",6,"accessible","small","h6",3,3,0,3,3,0,0,0,0
"552","6.h8","Ctenochaetus striatus",0,"black",6,"accessible","small","h8",8,0,0,8,0,0,0,0,0
"554","71.a6","Ctenochaetus striatus",0,"red",71,"accessible","large","a6",1,0,0,0,0,0,1,0,0
"557","71.b5","Ctenochaetus striatus",1,"red",71,"accessible","large","b5",1,8,0,1,8,0,0,0,0
"558","71.c2","Ctenochaetus striatus",5,"red",71,"accessible","large","c2",2,1,4,2,1,4,0,0,0
"560","71.d2","Ctenochaetus striatus",12,"red",71,"accessible","large","d2",3,7,0,3,7,0,0,0,0
"561","71.d3","Ctenochaetus striatus",1,"red",71,"accessible","large","d3",4,1,0,4,1,0,0,0,0
"562","71.d5","Ctenochaetus striatus",1,"red",71,"accessible","large","d5",2,2,1,2,2,1,0,0,0
"563","71.e1","Ctenochaetus striatus",2,"red",71,"accessible","large","e1",2,1,0,2,1,0,0,0,0
"564","71.e2","Ctenochaetus striatus",2,"red",71,"accessible","large","e2",4,1,0,4,1,0,0,0,0
"566","71.f1","Ctenochaetus striatus",2,"red",71,"accessible","large","f1",1,2,0,1,2,0,0,0,0
"568","71.g1","Ctenochaetus striatus",2,"red",71,"accessible","large","g1",1,0,1,1,0,1,0,0,0
"569","71.g2","Ctenochaetus striatus",3,"red",71,"accessible","large","g2",2,2,0,2,2,0,0,0,0
"570","71.g4","Ctenochaetus striatus",1,"red",71,"accessible","large","g4",4,3,3,4,3,3,0,0,0
"571","71.g8","Ctenochaetus striatus",0,"red",71,"accessible","large","g8",2,2,0,2,2,0,0,0,0
"572","71.h3","Ctenochaetus striatus",1,"red",71,"accessible","large","h3",3,2,1,3,2,1,0,0,0
"573","71.h7","Ctenochaetus striatus",0,"red",71,"accessible","large","h7",6,2,1,6,2,1,0,0,0
"575","71.i4","Ctenochaetus striatus",1,"red",71,"accessible","large","i4",1,0,0,1,0,0,0,0,0
"580","72.d9","Ctenochaetus striatus",0,"red",72,"accessible","small","d9",2,0,0,2,0,0,0,0,0
"581","72.e1","Ctenochaetus striatus",4,"red",72,"accessible","small","e1",2,1,0,2,1,0,0,0,0
"583","72.e4","Ctenochaetus striatus",3,"red",72,"accessible","small","e4",3,2,0,3,2,0,0,0,0
"586","72.e8","Ctenochaetus striatus",2,"red",72,"accessible","small","e8",1,1,0,1,1,0,0,0,0
"588","72.f5","Ctenochaetus striatus",4,"red",72,"accessible","small","f5",1,0,0,1,0,0,0,0,0
"589","72.g2","Ctenochaetus striatus",3,"red",72,"accessible","small","g2",1,3,0,1,3,0,0,0,0
"591","72.h5","Ctenochaetus striatus",2,"red",72,"accessible","small","h5",1,4,0,1,4,0,0,0,0
"593","72.i3","Ctenochaetus striatus",0,"red",72,"accessible","small","i3",1,2,0,0,2,0,1,0,0
"594","72.i4","Ctenochaetus striatus",4,"red",72,"accessible","small","i4",1,0,0,1,0,0,0,0,0
"596","72.i6","Ctenochaetus striatus",4,"red",72,"accessible","small","i6",1,0,0,1,0,0,0,0,0
"600","74.b8","Ctenochaetus striatus",0,"blank",74,"accessible","large","b8",1,0,0,1,0,0,0,0,0
"619","79.f2","Ctenochaetus striatus",0,"blank",79,"accessible","medium","f2",1,0,0,1,0,0,0,0,0
"623","80.b2","Ctenochaetus striatus",0,"black",80,"accessible","large","b2",1,4,0,1,3,0,0,1,0
"624","80.b6","Ctenochaetus striatus",0,"black",80,"accessible","large","b6",1,5,0,1,5,0,0,0,0
"634","80.e2","Ctenochaetus striatus",0,"black",80,"accessible","large","e2",2,0,1,2,0,1,0,0,0
"635","80.e4","Ctenochaetus striatus",0,"black",80,"accessible","large","e4",1,5,0,1,5,0,0,0,0
"636","80.f3","Ctenochaetus striatus",0,"black",80,"accessible","large","f3",1,1,0,1,1,0,0,0,0
"642","80.g4","Ctenochaetus striatus",0,"black",80,"accessible","large","g4",2,2,0,2,2,0,0,0,0
"644","80.g8","Ctenochaetus striatus",0,"black",80,"accessible","large","g8",1,2,0,1,2,0,0,0,0
"645","80.h7","Ctenochaetus striatus",0,"black",80,"accessible","large","h7",1,2,0,1,2,0,0,0,0
"650","107.d5","Naso lituratus",1,"black",107,"accessible","medium","d5",1,0,0,1,0,0,0,0,0
"651","107.e2","Naso lituratus",0,"black",107,"accessible","medium","e2",1,0,0,1,0,0,0,0,0
"653","107.f2","Naso lituratus",0,"black",107,"accessible","medium","f2",1,1,0,1,1,0,0,0,0
"657","107.g2","Naso lituratus",0,"black",107,"accessible","medium","g2",2,0,0,2,0,0,0,0,0
"662","107.i2","Naso lituratus",0,"black",107,"accessible","medium","i2",1,0,0,1,0,0,0,0,0
"668","18.b1","Naso lituratus",0,"blank",18,"accessible","small","b1",1,0,0,0,0,0,1,0,0
"682","18.g7","Naso lituratus",0,"blank",18,"accessible","small","g7",4,0,0,3,0,0,1,0,0
"686","18.i4","Naso lituratus",0,"blank",18,"accessible","small","i4",1,1,0,1,1,0,0,0,0
"687","18.i5","Naso lituratus",0,"blank",18,"accessible","small","i5",1,0,0,1,0,0,0,0,0
"688","18.i6","Naso lituratus",0,"blank",18,"accessible","small","i6",1,2,0,1,2,0,0,0,0
"690","44.b3","Naso lituratus",0,"red",44,"accessible","medium","b3",1,0,0,1,0,0,0,0,0
"697","44.d9","Naso lituratus",0,"red",44,"accessible","medium","d9",1,1,0,0,1,0,1,0,0
"698","44.e4","Naso lituratus",0,"red",44,"accessible","medium","e4",2,1,0,2,1,0,0,0,0
"699","44.e6","Naso lituratus",0,"red",44,"accessible","medium","e6",1,0,0,1,0,0,0,0,0
"701","44.f3","Naso lituratus",0,"red",44,"accessible","medium","f3",1,2,0,1,2,0,0,0,0
"710","6.e7","Naso lituratus",1,"black",6,"accessible","small","e7",1,0,0,1,0,0,0,0,0
"711","6.f6","Naso lituratus",0,"black",6,"accessible","small","f6",4,6,0,4,6,0,0,0,0
"712","6.h3","Naso lituratus",0,"black",6,"accessible","small","h3",3,1,0,3,1,0,0,0,0
"713","6.h6","Naso lituratus",0,"black",6,"accessible","small","h6",3,3,0,3,3,0,0,0,0
"714","6.h8","Naso lituratus",1,"black",6,"accessible","small","h8",8,0,0,8,0,0,0,0,0
"716","71.a6","Naso lituratus",0,"red",71,"accessible","large","a6",1,0,0,0,0,0,1,0,0
"719","71.b5","Naso lituratus",0,"red",71,"accessible","large","b5",1,8,0,1,8,0,0,0,0
"720","71.c2","Naso lituratus",0,"red",71,"accessible","large","c2",2,1,4,2,1,4,0,0,0
"722","71.d2","Naso lituratus",0,"red",71,"accessible","large","d2",3,7,0,3,7,0,0,0,0
"723","71.d3","Naso lituratus",0,"red",71,"accessible","large","d3",4,1,0,4,1,0,0,0,0
"724","71.d5","Naso lituratus",0,"red",71,"accessible","large","d5",2,2,1,2,2,1,0,0,0
"725","71.e1","Naso lituratus",0,"red",71,"accessible","large","e1",2,1,0,2,1,0,0,0,0
"726","71.e2","Naso lituratus",0,"red",71,"accessible","large","e2",4,1,0,4,1,0,0,0,0
"728","71.f1","Naso lituratus",0,"red",71,"accessible","large","f1",1,2,0,1,2,0,0,0,0
"730","71.g1","Naso lituratus",0,"red",71,"accessible","large","g1",1,0,1,1,0,1,0,0,0
"731","71.g2","Naso lituratus",0,"red",71,"accessible","large","g2",2,2,0,2,2,0,0,0,0
"732","71.g4","Naso lituratus",0,"red",71,"accessible","large","g4",4,3,3,4,3,3,0,0,0
"733","71.g8","Naso lituratus",0,"red",71,"accessible","large","g8",2,2,0,2,2,0,0,0,0
"734","71.h3","Naso lituratus",0,"red",71,"accessible","large","h3",3,2,1,3,2,1,0,0,0
"735","71.h7","Naso lituratus",0,"red",71,"accessible","large","h7",6,2,1,6,2,1,0,0,0
"737","71.i4","Naso lituratus",0,"red",71,"accessible","large","i4",1,0,0,1,0,0,0,0,0
"742","72.d9","Naso lituratus",0,"red",72,"accessible","small","d9",2,0,0,2,0,0,0,0,0
"743","72.e1","Naso lituratus",0,"red",72,"accessible","small","e1",2,1,0,2,1,0,0,0,0
"745","72.e4","Naso lituratus",0,"red",72,"accessible","small","e4",3,2,0,3,2,0,0,0,0
"748","72.e8","Naso lituratus",0,"red",72,"accessible","small","e8",1,1,0,1,1,0,0,0,0
"750","72.f5","Naso lituratus",0,"red",72,"accessible","small","f5",1,0,0,1,0,0,0,0,0
"751","72.g2","Naso lituratus",0,"red",72,"accessible","small","g2",1,3,0,1,3,0,0,0,0
"753","72.h5","Naso lituratus",0,"red",72,"accessible","small","h5",1,4,0,1,4,0,0,0,0
"755","72.i3","Naso lituratus",0,"red",72,"accessible","small","i3",1,2,0,0,2,0,1,0,0
"756","72.i4","Naso lituratus",0,"red",72,"accessible","small","i4",1,0,0,1,0,0,0,0,0
"758","72.i6","Naso lituratus",0,"red",72,"accessible","small","i6",1,0,0,1,0,0,0,0,0
"762","74.b8","Naso lituratus",0,"blank",74,"accessible","large","b8",1,0,0,1,0,0,0,0,0
"781","79.f2","Naso lituratus",0,"blank",79,"accessible","medium","f2",1,0,0,1,0,0,0,0,0
"785","80.b2","Naso lituratus",2,"black",80,"accessible","large","b2",1,4,0,1,3,0,0,1,0
"786","80.b6","Naso lituratus",5,"black",80,"accessible","large","b6",1,5,0,1,5,0,0,0,0
"796","80.e2","Naso lituratus",0,"black",80,"accessible","large","e2",2,0,1,2,0,1,0,0,0
"797","80.e4","Naso lituratus",0,"black",80,"accessible","large","e4",1,5,0,1,5,0,0,0,0
"798","80.f3","Naso lituratus",0,"black",80,"accessible","large","f3",1,1,0,1,1,0,0,0,0
"804","80.g4","Naso lituratus",0,"black",80,"accessible","large","g4",2,2,0,2,2,0,0,0,0
"806","80.g8","Naso lituratus",0,"black",80,"accessible","large","g8",1,2,0,1,2,0,0,0,0
"807","80.h7","Naso lituratus",0,"black",80,"accessible","large","h7",1,2,0,1,2,0,0,0,0
"812","107.d5","Pomacentrus bankanensis",0,"black",107,"accessible","medium","d5",1,0,0,1,0,0,0,0,0
"813","107.e2","Pomacentrus bankanensis",0,"black",107,"accessible","medium","e2",1,0,0,1,0,0,0,0,0
"815","107.f2","Pomacentrus bankanensis",0,"black",107,"accessible","medium","f2",1,1,0,1,1,0,0,0,0
"819","107.g2","Pomacentrus bankanensis",0,"black",107,"accessible","medium","g2",2,0,0,2,0,0,0,0,0
"824","107.i2","Pomacentrus bankanensis",0,"black",107,"accessible","medium","i2",1,0,0,1,0,0,0,0,0
"830","18.b1","Pomacentrus bankanensis",0,"blank",18,"accessible","small","b1",1,0,0,0,0,0,1,0,0
"844","18.g7","Pomacentrus bankanensis",0,"blank",18,"accessible","small","g7",4,0,0,3,0,0,1,0,0
"848","18.i4","Pomacentrus bankanensis",0,"blank",18,"accessible","small","i4",1,1,0,1,1,0,0,0,0
"849","18.i5","Pomacentrus bankanensis",0,"blank",18,"accessible","small","i5",1,0,0,1,0,0,0,0,0
"850","18.i6","Pomacentrus bankanensis",0,"blank",18,"accessible","small","i6",1,2,0,1,2,0,0,0,0
"852","44.b3","Pomacentrus bankanensis",0,"red",44,"accessible","medium","b3",1,0,0,1,0,0,0,0,0
"859","44.d9","Pomacentrus bankanensis",0,"red",44,"accessible","medium","d9",1,1,0,0,1,0,1,0,0
"860","44.e4","Pomacentrus bankanensis",0,"red",44,"accessible","medium","e4",2,1,0,2,1,0,0,0,0
"861","44.e6","Pomacentrus bankanensis",0,"red",44,"accessible","medium","e6",1,0,0,1,0,0,0,0,0
"863","44.f3","Pomacentrus bankanensis",0,"red",44,"accessible","medium","f3",1,2,0,1,2,0,0,0,0
"872","6.e7","Pomacentrus bankanensis",0,"black",6,"accessible","small","e7",1,0,0,1,0,0,0,0,0
"873","6.f6","Pomacentrus bankanensis",0,"black",6,"accessible","small","f6",4,6,0,4,6,0,0,0,0
"874","6.h3","Pomacentrus bankanensis",0,"black",6,"accessible","small","h3",3,1,0,3,1,0,0,0,0
"875","6.h6","Pomacentrus bankanensis",0,"black",6,"accessible","small","h6",3,3,0,3,3,0,0,0,0
"876","6.h8","Pomacentrus bankanensis",0,"black",6,"accessible","small","h8",8,0,0,8,0,0,0,0,0
"878","71.a6","Pomacentrus bankanensis",0,"red",71,"accessible","large","a6",1,0,0,0,0,0,1,0,0
"881","71.b5","Pomacentrus bankanensis",0,"red",71,"accessible","large","b5",1,8,0,1,8,0,0,0,0
"882","71.c2","Pomacentrus bankanensis",0,"red",71,"accessible","large","c2",2,1,4,2,1,4,0,0,0
"884","71.d2","Pomacentrus bankanensis",0,"red",71,"accessible","large","d2",3,7,0,3,7,0,0,0,0
"885","71.d3","Pomacentrus bankanensis",0,"red",71,"accessible","large","d3",4,1,0,4,1,0,0,0,0
"886","71.d5","Pomacentrus bankanensis",0,"red",71,"accessible","large","d5",2,2,1,2,2,1,0,0,0
"887","71.e1","Pomacentrus bankanensis",0,"red",71,"accessible","large","e1",2,1,0,2,1,0,0,0,0
"888","71.e2","Pomacentrus bankanensis",0,"red",71,"accessible","large","e2",4,1,0,4,1,0,0,0,0
"890","71.f1","Pomacentrus bankanensis",0,"red",71,"accessible","large","f1",1,2,0,1,2,0,0,0,0
"892","71.g1","Pomacentrus bankanensis",0,"red",71,"accessible","large","g1",1,0,1,1,0,1,0,0,0
"893","71.g2","Pomacentrus bankanensis",0,"red",71,"accessible","large","g2",2,2,0,2,2,0,0,0,0
"894","71.g4","Pomacentrus bankanensis",0,"red",71,"accessible","large","g4",4,3,3,4,3,3,0,0,0
"895","71.g8","Pomacentrus bankanensis",0,"red",71,"accessible","large","g8",2,2,0,2,2,0,0,0,0
"896","71.h3","Pomacentrus bankanensis",0,"red",71,"accessible","large","h3",3,2,1,3,2,1,0,0,0
"897","71.h7","Pomacentrus bankanensis",0,"red",71,"accessible","large","h7",6,2,1,6,2,1,0,0,0
"899","71.i4","Pomacentrus bankanensis",0,"red",71,"accessible","large","i4",1,0,0,1,0,0,0,0,0
"904","72.d9","Pomacentrus bankanensis",0,"red",72,"accessible","small","d9",2,0,0,2,0,0,0,0,0
"905","72.e1","Pomacentrus bankanensis",0,"red",72,"accessible","small","e1",2,1,0,2,1,0,0,0,0
"907","72.e4","Pomacentrus bankanensis",0,"red",72,"accessible","small","e4",3,2,0,3,2,0,0,0,0
"910","72.e8","Pomacentrus bankanensis",0,"red",72,"accessible","small","e8",1,1,0,1,1,0,0,0,0
"912","72.f5","Pomacentrus bankanensis",0,"red",72,"accessible","small","f5",1,0,0,1,0,0,0,0,0
"913","72.g2","Pomacentrus bankanensis",0,"red",72,"accessible","small","g2",1,3,0,1,3,0,0,0,0
"915","72.h5","Pomacentrus bankanensis",0,"red",72,"accessible","small","h5",1,4,0,1,4,0,0,0,0
"917","72.i3","Pomacentrus bankanensis",0,"red",72,"accessible","small","i3",1,2,0,0,2,0,1,0,0
"918","72.i4","Pomacentrus bankanensis",0,"red",72,"accessible","small","i4",1,0,0,1,0,0,0,0,0
"920","72.i6","Pomacentrus bankanensis",0,"red",72,"accessible","small","i6",1,0,0,1,0,0,0,0,0
"924","74.b8","Pomacentrus bankanensis",0,"blank",74,"accessible","large","b8",1,0,0,1,0,0,0,0,0
"943","79.f2","Pomacentrus bankanensis",0,"blank",79,"accessible","medium","f2",1,0,0,1,0,0,0,0,0
"947","80.b2","Pomacentrus bankanensis",0,"black",80,"accessible","large","b2",1,4,0,1,3,0,0,1,0
"948","80.b6","Pomacentrus bankanensis",0,"black",80,"accessible","large","b6",1,5,0,1,5,0,0,0,0
"958","80.e2","Pomacentrus bankanensis",0,"black",80,"accessible","large","e2",2,0,1,2,0,1,0,0,0
"959","80.e4","Pomacentrus bankanensis",0,"black",80,"accessible","large","e4",1,5,0,1,5,0,0,0,0
"960","80.f3","Pomacentrus bankanensis",0,"black",80,"accessible","large","f3",1,1,0,1,1,0,0,0,0
"966","80.g4","Pomacentrus bankanensis",0,"black",80,"accessible","large","g4",2,2,0,2,2,0,0,0,0
"968","80.g8","Pomacentrus bankanensis",0,"black",80,"accessible","large","g8",1,2,0,1,2,0,0,0,0
"969","80.h7","Pomacentrus bankanensis",0,"black",80,"accessible","large","h7",1,2,0,1,2,0,0,0,0
"974","107.d5","Scarus niger",0,"black",107,"accessible","medium","d5",1,0,0,1,0,0,0,0,0
"975","107.e2","Scarus niger",0,"black",107,"accessible","medium","e2",1,0,0,1,0,0,0,0,0
"977","107.f2","Scarus niger",0,"black",107,"accessible","medium","f2",1,1,0,1,1,0,0,0,0
"981","107.g2","Scarus niger",0,"black",107,"accessible","medium","g2",2,0,0,2,0,0,0,0,0
"986","107.i2","Scarus niger",0,"black",107,"accessible","medium","i2",1,0,0,1,0,0,0,0,0
"992","18.b1","Scarus niger",1,"blank",18,"accessible","small","b1",1,0,0,0,0,0,1,0,0
"1006","18.g7","Scarus niger",3,"blank",18,"accessible","small","g7",4,0,0,3,0,0,1,0,0
"1010","18.i4","Scarus niger",1,"blank",18,"accessible","small","i4",1,1,0,1,1,0,0,0,0
"1011","18.i5","Scarus niger",2,"blank",18,"accessible","small","i5",1,0,0,1,0,0,0,0,0
"1012","18.i6","Scarus niger",1,"blank",18,"accessible","small","i6",1,2,0,1,2,0,0,0,0
"1014","44.b3","Scarus niger",0,"red",44,"accessible","medium","b3",1,0,0,1,0,0,0,0,0
"1021","44.d9","Scarus niger",0,"red",44,"accessible","medium","d9",1,1,0,0,1,0,1,0,0
"1022","44.e4","Scarus niger",0,"red",44,"accessible","medium","e4",2,1,0,2,1,0,0,0,0
"1023","44.e6","Scarus niger",0,"red",44,"accessible","medium","e6",1,0,0,1,0,0,0,0,0
"1025","44.f3","Scarus niger",0,"red",44,"accessible","medium","f3",1,2,0,1,2,0,0,0,0
"1034","6.e7","Scarus niger",0,"black",6,"accessible","small","e7",1,0,0,1,0,0,0,0,0
"1035","6.f6","Scarus niger",0,"black",6,"accessible","small","f6",4,6,0,4,6,0,0,0,0
"1036","6.h3","Scarus niger",0,"black",6,"accessible","small","h3",3,1,0,3,1,0,0,0,0
"1037","6.h6","Scarus niger",0,"black",6,"accessible","small","h6",3,3,0,3,3,0,0,0,0
"1038","6.h8","Scarus niger",0,"black",6,"accessible","small","h8",8,0,0,8,0,0,0,0,0
"1040","71.a6","Scarus niger",0,"red",71,"accessible","large","a6",1,0,0,0,0,0,1,0,0
"1043","71.b5","Scarus niger",0,"red",71,"accessible","large","b5",1,8,0,1,8,0,0,0,0
"1044","71.c2","Scarus niger",0,"red",71,"accessible","large","c2",2,1,4,2,1,4,0,0,0
"1046","71.d2","Scarus niger",0,"red",71,"accessible","large","d2",3,7,0,3,7,0,0,0,0
"1047","71.d3","Scarus niger",0,"red",71,"accessible","large","d3",4,1,0,4,1,0,0,0,0
"1048","71.d5","Scarus niger",0,"red",71,"accessible","large","d5",2,2,1,2,2,1,0,0,0
"1049","71.e1","Scarus niger",0,"red",71,"accessible","large","e1",2,1,0,2,1,0,0,0,0
"1050","71.e2","Scarus niger",0,"red",71,"accessible","large","e2",4,1,0,4,1,0,0,0,0
"1052","71.f1","Scarus niger",0,"red",71,"accessible","large","f1",1,2,0,1,2,0,0,0,0
"1054","71.g1","Scarus niger",0,"red",71,"accessible","large","g1",1,0,1,1,0,1,0,0,0
"1055","71.g2","Scarus niger",0,"red",71,"accessible","large","g2",2,2,0,2,2,0,0,0,0
"1056","71.g4","Scarus niger",0,"red",71,"accessible","large","g4",4,3,3,4,3,3,0,0,0
"1057","71.g8","Scarus niger",0,"red",71,"accessible","large","g8",2,2,0,2,2,0,0,0,0
"1058","71.h3","Scarus niger",0,"red",71,"accessible","large","h3",3,2,1,3,2,1,0,0,0
"1059","71.h7","Scarus niger",0,"red",71,"accessible","large","h7",6,2,1,6,2,1,0,0,0
"1061","71.i4","Scarus niger",0,"red",71,"accessible","large","i4",1,0,0,1,0,0,0,0,0
"1066","72.d9","Scarus niger",0,"red",72,"accessible","small","d9",2,0,0,2,0,0,0,0,0
"1067","72.e1","Scarus niger",0,"red",72,"accessible","small","e1",2,1,0,2,1,0,0,0,0
"1069","72.e4","Scarus niger",0,"red",72,"accessible","small","e4",3,2,0,3,2,0,0,0,0
"1072","72.e8","Scarus niger",0,"red",72,"accessible","small","e8",1,1,0,1,1,0,0,0,0
"1074","72.f5","Scarus niger",0,"red",72,"accessible","small","f5",1,0,0,1,0,0,0,0,0
"1075","72.g2","Scarus niger",0,"red",72,"accessible","small","g2",1,3,0,1,3,0,0,0,0
"1077","72.h5","Scarus niger",0,"red",72,"accessible","small","h5",1,4,0,1,4,0,0,0,0
"1079","72.i3","Scarus niger",0,"red",72,"accessible","small","i3",1,2,0,0,2,0,1,0,0
"1080","72.i4","Scarus niger",0,"red",72,"accessible","small","i4",1,0,0,1,0,0,0,0,0
"1082","72.i6","Scarus niger",0,"red",72,"accessible","small","i6",1,0,0,1,0,0,0,0,0
"1086","74.b8","Scarus niger",1,"blank",74,"accessible","large","b8",1,0,0,1,0,0,0,0,0
"1105","79.f2","Scarus niger",2,"blank",79,"accessible","medium","f2",1,0,0,1,0,0,0,0,0
"1109","80.b2","Scarus niger",0,"black",80,"accessible","large","b2",1,4,0,1,3,0,0,1,0
"1110","80.b6","Scarus niger",0,"black",80,"accessible","large","b6",1,5,0,1,5,0,0,0,0
"1120","80.e2","Scarus niger",0,"black",80,"accessible","large","e2",2,0,1,2,0,1,0,0,0
"1121","80.e4","Scarus niger",0,"black",80,"accessible","large","e4",1,5,0,1,5,0,0,0,0
"1122","80.f3","Scarus niger",0,"black",80,"accessible","large","f3",1,1,0,1,1,0,0,0,0
"1128","80.g4","Scarus niger",0,"black",80,"accessible","large","g4",2,2,0,2,2,0,0,0,0
"1130","80.g8","Scarus niger",0,"black",80,"accessible","large","g8",1,2,0,1,2,0,0,0,0
"1131","80.h7","Scarus niger",0,"black",80,"accessible","large","h7",1,2,0,1,2,0,0,0,0
"1136","107.d5","unident wrasse",0,"black",107,"accessible","medium","d5",1,0,0,1,0,0,0,0,0
"1137","107.e2","unident wrasse",0,"black",107,"accessible","medium","e2",1,0,0,1,0,0,0,0,0
"1139","107.f2","unident wrasse",0,"black",107,"accessible","medium","f2",1,1,0,1,1,0,0,0,0
"1143","107.g2","unident wrasse",0,"black",107,"accessible","medium","g2",2,0,0,2,0,0,0,0,0
"1148","107.i2","unident wrasse",0,"black",107,"accessible","medium","i2",1,0,0,1,0,0,0,0,0
"1154","18.b1","unident wrasse",0,"blank",18,"accessible","small","b1",1,0,0,0,0,0,1,0,0
"1168","18.g7","unident wrasse",0,"blank",18,"accessible","small","g7",4,0,0,3,0,0,1,0,0
"1172","18.i4","unident wrasse",0,"blank",18,"accessible","small","i4",1,1,0,1,1,0,0,0,0
"1173","18.i5","unident wrasse",0,"blank",18,"accessible","small","i5",1,0,0,1,0,0,0,0,0
"1174","18.i6","unident wrasse",0,"blank",18,"accessible","small","i6",1,2,0,1,2,0,0,0,0
"1176","44.b3","unident wrasse",0,"red",44,"accessible","medium","b3",1,0,0,1,0,0,0,0,0
"1183","44.d9","unident wrasse",0,"red",44,"accessible","medium","d9",1,1,0,0,1,0,1,0,0
"1184","44.e4","unident wrasse",0,"red",44,"accessible","medium","e4",2,1,0,2,1,0,0,0,0
"1185","44.e6","unident wrasse",0,"red",44,"accessible","medium","e6",1,0,0,1,0,0,0,0,0
"1187","44.f3","unident wrasse",0,"red",44,"accessible","medium","f3",1,2,0,1,2,0,0,0,0
"1196","6.e7","unident wrasse",0,"black",6,"accessible","small","e7",1,0,0,1,0,0,0,0,0
"1197","6.f6","unident wrasse",0,"black",6,"accessible","small","f6",4,6,0,4,6,0,0,0,0
"1198","6.h3","unident wrasse",1,"black",6,"accessible","small","h3",3,1,0,3,1,0,0,0,0
"1199","6.h6","unident wrasse",0,"black",6,"accessible","small","h6",3,3,0,3,3,0,0,0,0
"1200","6.h8","unident wrasse",0,"black",6,"accessible","small","h8",8,0,0,8,0,0,0,0,0
"1202","71.a6","unident wrasse",0,"red",71,"accessible","large","a6",1,0,0,0,0,0,1,0,0
"1205","71.b5","unident wrasse",0,"red",71,"accessible","large","b5",1,8,0,1,8,0,0,0,0
"1206","71.c2","unident wrasse",0,"red",71,"accessible","large","c2",2,1,4,2,1,4,0,0,0
"1208","71.d2","unident wrasse",0,"red",71,"accessible","large","d2",3,7,0,3,7,0,0,0,0
"1209","71.d3","unident wrasse",0,"red",71,"accessible","large","d3",4,1,0,4,1,0,0,0,0
"1210","71.d5","unident wrasse",0,"red",71,"accessible","large","d5",2,2,1,2,2,1,0,0,0
"1211","71.e1","unident wrasse",0,"red",71,"accessible","large","e1",2,1,0,2,1,0,0,0,0
"1212","71.e2","unident wrasse",0,"red",71,"accessible","large","e2",4,1,0,4,1,0,0,0,0
"1214","71.f1","unident wrasse",0,"red",71,"accessible","large","f1",1,2,0,1,2,0,0,0,0
"1216","71.g1","unident wrasse",0,"red",71,"accessible","large","g1",1,0,1,1,0,1,0,0,0
"1217","71.g2","unident wrasse",0,"red",71,"accessible","large","g2",2,2,0,2,2,0,0,0,0
"1218","71.g4","unident wrasse",0,"red",71,"accessible","large","g4",4,3,3,4,3,3,0,0,0
"1219","71.g8","unident wrasse",0,"red",71,"accessible","large","g8",2,2,0,2,2,0,0,0,0
"1220","71.h3","unident wrasse",0,"red",71,"accessible","large","h3",3,2,1,3,2,1,0,0,0
"1221","71.h7","unident wrasse",0,"red",71,"accessible","large","h7",6,2,1,6,2,1,0,0,0
"1223","71.i4","unident wrasse",0,"red",71,"accessible","large","i4",1,0,0,1,0,0,0,0,0
"1228","72.d9","unident wrasse",0,"red",72,"accessible","small","d9",2,0,0,2,0,0,0,0,0
"1229","72.e1","unident wrasse",0,"red",72,"accessible","small","e1",2,1,0,2,1,0,0,0,0
"1231","72.e4","unident wrasse",0,"red",72,"accessible","small","e4",3,2,0,3,2,0,0,0,0
"1234","72.e8","unident wrasse",0,"red",72,"accessible","small","e8",1,1,0,1,1,0,0,0,0
"1236","72.f5","unident wrasse",0,"red",72,"accessible","small","f5",1,0,0,1,0,0,0,0,0
"1237","72.g2","unident wrasse",0,"red",72,"accessible","small","g2",1,3,0,1,3,0,0,0,0
"1239","72.h5","unident wrasse",0,"red",72,"accessible","small","h5",1,4,0,1,4,0,0,0,0
"1241","72.i3","unident wrasse",0,"red",72,"accessible","small","i3",1,2,0,0,2,0,1,0,0
"1242","72.i4","unident wrasse",0,"red",72,"accessible","small","i4",1,0,0,1,0,0,0,0,0
"1244","72.i6","unident wrasse",0,"red",72,"accessible","small","i6",1,0,0,1,0,0,0,0,0
"1248","74.b8","unident wrasse",0,"blank",74,"accessible","large","b8",1,0,0,1,0,0,0,0,0
"1267","79.f2","unident wrasse",0,"blank",79,"accessible","medium","f2",1,0,0,1,0,0,0,0,0
"1271","80.b2","unident wrasse",0,"black",80,"accessible","large","b2",1,4,0,1,3,0,0,1,0
"1272","80.b6","unident wrasse",0,"black",80,"accessible","large","b6",1,5,0,1,5,0,0,0,0
"1282","80.e2","unident wrasse",0,"black",80,"accessible","large","e2",2,0,1,2,0,1,0,0,0
"1283","80.e4","unident wrasse",0,"black",80,"accessible","large","e4",1,5,0,1,5,0,0,0,0
"1284","80.f3","unident wrasse",0,"black",80,"accessible","large","f3",1,1,0,1,1,0,0,0,0
"1290","80.g4","unident wrasse",2,"black",80,"accessible","large","g4",2,2,0,2,2,0,0,0,0
"1292","80.g8","unident wrasse",0,"black",80,"accessible","large","g8",1,2,0,1,2,0,0,0,0
"1293","80.h7","unident wrasse",0,"black",80,"accessible","large","h7",1,2,0,1,2,0,0,0,0
"1298","107.d5","Zebrasoma scopas",0,"black",107,"accessible","medium","d5",1,0,0,1,0,0,0,0,0
"1299","107.e2","Zebrasoma scopas",0,"black",107,"accessible","medium","e2",1,0,0,1,0,0,0,0,0
"1301","107.f2","Zebrasoma scopas",0,"black",107,"accessible","medium","f2",1,1,0,1,1,0,0,0,0
"1305","107.g2","Zebrasoma scopas",0,"black",107,"accessible","medium","g2",2,0,0,2,0,0,0,0,0
"1310","107.i2","Zebrasoma scopas",0,"black",107,"accessible","medium","i2",1,0,0,1,0,0,0,0,0
"1316","18.b1","Zebrasoma scopas",0,"blank",18,"accessible","small","b1",1,0,0,0,0,0,1,0,0
"1330","18.g7","Zebrasoma scopas",0,"blank",18,"accessible","small","g7",4,0,0,3,0,0,1,0,0
"1334","18.i4","Zebrasoma scopas",0,"blank",18,"accessible","small","i4",1,1,0,1,1,0,0,0,0
"1335","18.i5","Zebrasoma scopas",0,"blank",18,"accessible","small","i5",1,0,0,1,0,0,0,0,0
"1336","18.i6","Zebrasoma scopas",0,"blank",18,"accessible","small","i6",1,2,0,1,2,0,0,0,0
"1338","44.b3","Zebrasoma scopas",0,"red",44,"accessible","medium","b3",1,0,0,1,0,0,0,0,0
"1345","44.d9","Zebrasoma scopas",0,"red",44,"accessible","medium","d9",1,1,0,0,1,0,1,0,0
"1346","44.e4","Zebrasoma scopas",0,"red",44,"accessible","medium","e4",2,1,0,2,1,0,0,0,0
"1347","44.e6","Zebrasoma scopas",0,"red",44,"accessible","medium","e6",1,0,0,1,0,0,0,0,0
"1349","44.f3","Zebrasoma scopas",0,"red",44,"accessible","medium","f3",1,2,0,1,2,0,0,0,0
"1358","6.e7","Zebrasoma scopas",0,"black",6,"accessible","small","e7",1,0,0,1,0,0,0,0,0
"1359","6.f6","Zebrasoma scopas",0,"black",6,"accessible","small","f6",4,6,0,4,6,0,0,0,0
"1360","6.h3","Zebrasoma scopas",0,"black",6,"accessible","small","h3",3,1,0,3,1,0,0,0,0
"1361","6.h6","Zebrasoma scopas",0,"black",6,"accessible","small","h6",3,3,0,3,3,0,0,0,0
"1362","6.h8","Zebrasoma scopas",0,"black",6,"accessible","small","h8",8,0,0,8,0,0,0,0,0
"1364","71.a6","Zebrasoma scopas",2,"red",71,"accessible","large","a6",1,0,0,0,0,0,1,0,0
"1367","71.b5","Zebrasoma scopas",0,"red",71,"accessible","large","b5",1,8,0,1,8,0,0,0,0
"1368","71.c2","Zebrasoma scopas",0,"red",71,"accessible","large","c2",2,1,4,2,1,4,0,0,0
"1370","71.d2","Zebrasoma scopas",0,"red",71,"accessible","large","d2",3,7,0,3,7,0,0,0,0
"1371","71.d3","Zebrasoma scopas",0,"red",71,"accessible","large","d3",4,1,0,4,1,0,0,0,0
"1372","71.d5","Zebrasoma scopas",0,"red",71,"accessible","large","d5",2,2,1,2,2,1,0,0,0
"1373","71.e1","Zebrasoma scopas",0,"red",71,"accessible","large","e1",2,1,0,2,1,0,0,0,0
"1374","71.e2","Zebrasoma scopas",0,"red",71,"accessible","large","e2",4,1,0,4,1,0,0,0,0
"1376","71.f1","Zebrasoma scopas",0,"red",71,"accessible","large","f1",1,2,0,1,2,0,0,0,0
"1378","71.g1","Zebrasoma scopas",0,"red",71,"accessible","large","g1",1,0,1,1,0,1,0,0,0
"1379","71.g2","Zebrasoma scopas",0,"red",71,"accessible","large","g2",2,2,0,2,2,0,0,0,0
"1380","71.g4","Zebrasoma scopas",0,"red",71,"accessible","large","g4",4,3,3,4,3,3,0,0,0
"1381","71.g8","Zebrasoma scopas",1,"red",71,"accessible","large","g8",2,2,0,2,2,0,0,0,0
"1382","71.h3","Zebrasoma scopas",0,"red",71,"accessible","large","h3",3,2,1,3,2,1,0,0,0
"1383","71.h7","Zebrasoma scopas",5,"red",71,"accessible","large","h7",6,2,1,6,2,1,0,0,0
"1385","71.i4","Zebrasoma scopas",0,"red",71,"accessible","large","i4",1,0,0,1,0,0,0,0,0
"1390","72.d9","Zebrasoma scopas",0,"red",72,"accessible","small","d9",2,0,0,2,0,0,0,0,0
"1391","72.e1","Zebrasoma scopas",0,"red",72,"accessible","small","e1",2,1,0,2,1,0,0,0,0
"1393","72.e4","Zebrasoma scopas",0,"red",72,"accessible","small","e4",3,2,0,3,2,0,0,0,0
"1396","72.e8","Zebrasoma scopas",0,"red",72,"accessible","small","e8",1,1,0,1,1,0,0,0,0
"1398","72.f5","Zebrasoma scopas",0,"red",72,"accessible","small","f5",1,0,0,1,0,0,0,0,0
"1399","72.g2","Zebrasoma scopas",0,"red",72,"accessible","small","g2",1,3,0,1,3,0,0,0,0
"1401","72.h5","Zebrasoma scopas",0,"red",72,"accessible","small","h5",1,4,0,1,4,0,0,0,0
"1403","72.i3","Zebrasoma scopas",0,"red",72,"accessible","small","i3",1,2,0,0,2,0,1,0,0
"1404","72.i4","Zebrasoma scopas",0,"red",72,"accessible","small","i4",1,0,0,1,0,0,0,0,0
"1406","72.i6","Zebrasoma scopas",0,"red",72,"accessible","small","i6",1,0,0,1,0,0,0,0,0
"1410","74.b8","Zebrasoma scopas",0,"blank",74,"accessible","large","b8",1,0,0,1,0,0,0,0,0
"1429","79.f2","Zebrasoma scopas",0,"blank",79,"accessible","medium","f2",1,0,0,1,0,0,0,0,0
"1433","80.b2","Zebrasoma scopas",0,"black",80,"accessible","large","b2",1,4,0,1,3,0,0,1,0
"1434","80.b6","Zebrasoma scopas",0,"black",80,"accessible","large","b6",1,5,0,1,5,0,0,0,0
"1444","80.e2","Zebrasoma scopas",0,"black",80,"accessible","large","e2",2,0,1,2,0,1,0,0,0
"1445","80.e4","Zebrasoma scopas",0,"black",80,"accessible","large","e4",1,5,0,1,5,0,0,0,0
"1446","80.f3","Zebrasoma scopas",0,"black",80,"accessible","large","f3",1,1,0,1,1,0,0,0,0
"1452","80.g4","Zebrasoma scopas",0,"black",80,"accessible","large","g4",2,2,0,2,2,0,0,0,0
"1454","80.g8","Zebrasoma scopas",0,"black",80,"accessible","large","g8",1,2,0,1,2,0,0,0,0
"1455","80.h7","Zebrasoma scopas",0,"black",80,"accessible","large","h7",1,2,0,1,2,0,0,0,0
